Study,Protein,beta,se,P
HOMAGE_Discovery,ADM,0.524728528934982,0.0960508936892264,4.68086027242925e-08
HOMAGE_Discovery,AGRP,0.343589704390077,0.0822811790768529,2.96941313860621e-05
HOMAGE_Discovery,Beta-NGF,0.22314355131421,0.0793304897777919,0.0049106893942217
HOMAGE_Discovery,BNP,0.615185639090234,0.0869913014594496,1.52929727232778e-12
HOMAGE_Discovery,CASP-8,0.3293037471426,0.105658122318481,0.00182892996292674
HOMAGE_Discovery,CCL20,0.231111720963387,0.078649751241951,0.00329812410354879
HOMAGE_Discovery,CCL3,0.113328685307003,0.0839923493457385,0.1772490036666
HOMAGE_Discovery,CCL4,0.122217632724249,0.0778977784353453,0.116659849512766
HOMAGE_Discovery,CD40,0.476234178996372,0.0898636852183618,1.16109061154188e-07
HOMAGE_Discovery,CD40-L,0.139761942375159,0.0816161169054426,0.0868173296238435
HOMAGE_Discovery,CHI3L1,0.27763173659828,0.0792943671924163,0.000463030081906186
HOMAGE_Discovery,CSF-1,0.307484699747961,0.0900304488926443,0.000637021655099526
HOMAGE_Discovery,CSTB,0.565313809050061,0.0918646514321886,7.56630512721962e-10
HOMAGE_Discovery,CTSD,0.139761942375159,0.0816161169054426,0.0868173296238435
HOMAGE_Discovery,CTSL1,0.198850858745165,0.0913528171238324,0.029500358065203
HOMAGE_Discovery,CX3CL1,0.262364264467491,0.0993414254187777,0.00826529764687798
HOMAGE_Discovery,CXCL1,0.0487901641694321,0.0843505195653788,0.562979500912647
HOMAGE_Discovery,CXCL16,0.322083499169113,0.0886054516412932,0.000277947994024239
HOMAGE_Discovery,CXCL6,0.157003748809665,0.0852332420293778,0.0654680847650719
HOMAGE_Discovery,Dkk-1,0.198850858745165,0.0963795913506678,0.0390931513857765
HOMAGE_Discovery,EN-RAGE,0.2390169004705,0.0826830802058852,0.00384312085748917
HOMAGE_Discovery,FABP4,0.587786664902119,0.0930229117637283,2.63721542381239e-10
HOMAGE_Discovery,FAS,0.307484699747961,0.0900304488926443,0.000637021655099526
HOMAGE_Discovery,FGF-23,0.431782416425538,0.0825297201828108,1.67829615044139e-07
HOMAGE_Discovery,FS,0.157003748809665,0.100933356373048,0.119822524308804
HOMAGE_Discovery,Gal-3,0.300104592450338,0.0998715173697597,0.0026566232023495
HOMAGE_Discovery,GDF-15,0.641853886172395,0.090879154589187,1.63276285097879e-12
HOMAGE_Discovery,GH,-0.0512932943875506,0.0750818104297061,0.494502339023082
HOMAGE_Discovery,HB-EGF,0.139761942375159,0.0974789528122601,0.151639243527023
HOMAGE_Discovery,HGF,0.500775287912489,0.0948816149374785,1.30675649990973e-07
HOMAGE_Discovery,HSP,0.488580014818671,0.135429255638466,0.000308994684537108
HOMAGE_Discovery,IL16,0.307484699747961,0.0900304488926443,0.000637021655099526
HOMAGE_Discovery,IL-18,0.173953307123438,0.0836765254687864,0.0376285441769373
HOMAGE_Discovery,IL-1ra,0.405465108108164,0.0930229117637282,1.30797854847215e-05
HOMAGE_Discovery,IL-27,0.2390169004705,0.111846072123495,0.0325966504248994
HOMAGE_Discovery,IL-6,0.412109650826833,0.0803420030650233,2.90602173977895e-07
HOMAGE_Discovery,IL-6RA,0.207014169384326,0.0905401163197523,0.0222287720226553
HOMAGE_Discovery,IL-8,0.165514438477573,0.0743441268976113,0.0259921948714077
HOMAGE_Discovery,ITGB1BP2,0.207014169384326,0.0905401163197523,0.0222287720226553
HOMAGE_Discovery,KIM-1,0.314810739840034,0.0805152504204824,9.23145800239763e-05
HOMAGE_Discovery,KLK6,0.0392207131532813,0.10293028047574,0.703172420951638
HOMAGE_Discovery,LEP,0.207014169384326,0.0905401163197523,0.0222287720226553
HOMAGE_Discovery,LOX-1,0.262364264467491,0.0945952195008682,0.00554488711673647
HOMAGE_Discovery,MB,0.139761942375159,0.0816161169054426,0.0868173296238435
HOMAGE_Discovery,MCP-1,0.19062035960865,0.077246136995164,0.0135983901403835
HOMAGE_Discovery,MMP-1,0.173953307123438,0.0836765254687864,0.0376285441769373
HOMAGE_Discovery,MMP-10,0.207014169384326,0.0758918339488042,0.00637673576984873
HOMAGE_Discovery,MMP-12,0.371563556432483,0.083955311600673,9.61166035681097e-06
HOMAGE_Discovery,MMP-3,0.285178942233662,0.0922562497758613,0.00199375345216366
HOMAGE_Discovery,MMP-7,0.385262400790645,0.181484762656276,0.033767590904493
HOMAGE_Discovery,MPO,0.215111379616945,0.0800231395730346,0.00718567045743861
HOMAGE_Discovery,NEMO,0.254642218373581,0.0859528662063972,0.00305072798295976
HOMAGE_Discovery,NT-pro_BNP,0.553885113226438,0.0860335770278777,1.21049248828505e-10
HOMAGE_Discovery,OPG,0.405465108108164,0.0849241154177254,1.80207845808975e-06
HOMAGE_Discovery,PAPPA,0.139761942375159,0.0868491213116924,0.107561702663815
HOMAGE_Discovery,PAR-1,0.378436435720245,0.104330043924146,0.00028639974570884
HOMAGE_Discovery,PDGF,0.148420005118273,0.0860335770278777,0.0845021615799866
HOMAGE_Discovery,PECAM-1,0.246860077931526,0.0914309808094582,0.0069347614953202
HOMAGE_Discovery,PlGF,0.405465108108164,0.0930229117637282,1.30797854847215e-05
HOMAGE_Discovery,PSGL-1,0.0487901641694321,0.078649751241951,0.535029132419356
HOMAGE_Discovery,PTX3,0.182321556793955,0.098150728362797,0.0632305244226196
HOMAGE_Discovery,RAGE,0.0582689081239758,0.0834859339623025,0.485209208942571
HOMAGE_Discovery,REN,0.254642218373581,0.0812933501972723,0.00173391267033
HOMAGE_Discovery,RETN,0.378436435720245,0.079232519388604,1.7857064640337e-06
HOMAGE_Discovery,SCF,-0.150822889734584,0.0977912965360795,0.123002266087549
HOMAGE_Discovery,SELE,0.182321556793955,0.0829193448347538,0.0278934322142239
HOMAGE_Discovery,SIRT2,0.215111379616945,0.084859322293386,0.0112473816879998
HOMAGE_Discovery,SPON1,0.418710334858185,0.0997808046916072,2.71309095101935e-05
HOMAGE_Discovery,SRC,0.198850858745165,0.0863750853785962,0.0213251116767174
HOMAGE_Discovery,ST2,0.207014169384326,0.0807280166691556,0.0103371905999875
HOMAGE_Discovery,TF,0.19062035960865,0.0921802799340109,0.0386486532869672
HOMAGE_Discovery,TIE2,0.0392207131532813,0.10293028047574,0.703172420951638
HOMAGE_Discovery,TM,0.322083499169113,0.101974254640075,0.00158594962728833
HOMAGE_Discovery,TNF-R1,0.518793793415168,0.0966803715615392,8.0470020504238e-08
HOMAGE_Discovery,TNF-R2,0.482426149244293,0.0930229117637282,2.14743203005394e-07
HOMAGE_Discovery,TNFSF14,0.215111379616945,0.0946714219439827,0.0230750871348835
HOMAGE_Discovery,t-PA,0.157003748809665,0.0956461229762675,0.100692283690238
HOMAGE_Discovery,TRAIL,0.0582689081239758,0.0834859339623025,0.485209208942571
HOMAGE_Discovery,TRAIL-R2,0.657520002916794,0.0988722181699323,2.92695465246327e-11
HOMAGE_Discovery,TRANCE,-0.0943106794712413,0.078649751241951,0.230480350340625
HOMAGE_Discovery,U-PAR,0.559615787935423,0.0959467791175102,5.45818601172663e-09
HOMAGE_Discovery,VEGF-A,0.512823626428664,0.0863454243922248,2.86398438192e-09
HOMAGE_Discovery,VEGF-D,0.262364264467491,0.113850842706467,0.0211970561691507
HOMAGE_Discovery,CA-125,,,
HOMAGE_Discovery,ECP,,,
HOMAGE_Discovery,EGF,,,
HOMAGE_Discovery,ESM-1,,,
HOMAGE_Discovery,GAL,,,
HOMAGE_Discovery,hK11,,,
HOMAGE_Discovery,IL-4,,,
HOMAGE_Discovery,mAmP,,,
HOMAGE_Discovery,PRL,,,
HOMAGE_Replication,ADM,0.3293037471426,0.0879097777775592,0.000179727737976319
HOMAGE_Replication,AGRP,0.371563556432483,0.109471301164327,0.000688384389934436
HOMAGE_Replication,Beta-NGF,0.0582689081239758,0.0891867022857302,0.513539509419847
HOMAGE_Replication,BNP,0.698134722070984,0.0945482147141636,1.53716971503949e-13
HOMAGE_Replication,CASP-8,0.246860077931526,0.101057935413326,0.0145755081958441
HOMAGE_Replication,CCL20,0.0769610411361284,0.0818089777873174,0.346837718113403
HOMAGE_Replication,CCL3,0.139761942375159,0.125064776682878,0.263773579893062
HOMAGE_Replication,CCL4,-0.0202027073175195,0.078649751241951,0.797279663047529
HOMAGE_Replication,CD40,0.139761942375159,0.0921363547084727,0.129291095211579
HOMAGE_Replication,CD40-L,0.104360015324243,0.0848155478129059,0.218534267950117
HOMAGE_Replication,CHI3L1,0.173953307123438,0.0836765254687864,0.0376285441769373
HOMAGE_Replication,CSF-1,0.122217632724249,0.110475658687322,0.26860291326578
HOMAGE_Replication,CSTB,0.198850858745165,0.0765629857279995,0.00939819195434183
HOMAGE_Replication,CTSD,0.0295588022415444,0.0803036050626026,0.712807536063543
HOMAGE_Replication,CTSL1,0.131028262406404,0.0771600758569107,0.0894821946087349
HOMAGE_Replication,CX3CL1,0.113328685307003,0.105940398097147,0.284736339809628
HOMAGE_Replication,CXCL1,0.0582689081239758,0.100782961837862,0.563154554929485
HOMAGE_Replication,CXCL16,0.122217632724249,0.0831850118321255,0.141771335717004
HOMAGE_Replication,CXCL6,-0.0100503358535015,0.0899400416173257,0.911025722188921
HOMAGE_Replication,Dkk-1,0.139761942375159,0.0816161169054426,0.0868173296238435
HOMAGE_Replication,EN-RAGE,0.451075619360217,0.11222854099967,5.83813639568466e-05
HOMAGE_Replication,FABP4,0.444685821261446,0.100933356373048,1.05424820518055e-05
HOMAGE_Replication,FAS,0.22314355131421,0.0889574443816596,0.012126888076243
HOMAGE_Replication,FGF-23,0.500775287912489,0.106178315311496,2.40100015916279e-06
HOMAGE_Replication,FS,0.207014169384326,0.100544622291824,0.0395011065032596
HOMAGE_Replication,Gal-3,0.104360015324243,0.0957883031240247,0.275939624788809
HOMAGE_Replication,GDF-15,0.398776119957368,0.0855446326139136,3.13738082072346e-06
HOMAGE_Replication,GH,0.0861776962410524,0.086511439249683,0.319181053720295
HOMAGE_Replication,HB-EGF,0.157003748809665,0.0801054254303091,0.0500000000000001
HOMAGE_Replication,HGF,0.22314355131421,0.0841212616613081,0.00798646407512745
HOMAGE_Replication,HSP,0.182321556793955,0.0879461190615893,0.0381624901325502
HOMAGE_Replication,IL16,0.27002713721306,0.0845255949576515,0.00140015171897771
HOMAGE_Replication,IL-18,0.215111379616945,0.0800231395730346,0.00718567045743861
HOMAGE_Replication,IL-1ra,0.215111379616945,0.0752323676895183,0.00424586467759223
HOMAGE_Replication,IL-27,0.378436435720245,0.130726281205684,0.00379307766378402
HOMAGE_Replication,IL-6,0.19062035960865,0.0821757739619393,0.0203589454037022
HOMAGE_Replication,IL-6RA,0.0953101798043249,0.080198199947689,0.23466289872427
HOMAGE_Replication,IL-8,0.113328685307003,0.0893914839288264,0.204876726911411
HOMAGE_Replication,ITGB1BP2,0.0582689081239758,0.106681449000007,0.584931683128405
HOMAGE_Replication,KIM-1,0.378436435720245,0.095826289458921,7.8415368616813e-05
HOMAGE_Replication,KLK6,-0.0725706928348354,0.0832421625974527,0.383316344361572
HOMAGE_Replication,LEP,0.254642218373581,0.10502848819054,0.0153292225447969
HOMAGE_Replication,LOX-1,0.314810739840034,0.0893122520850575,0.000423750444449552
HOMAGE_Replication,MB,-0.0202027073175195,0.0847601650766859,0.811608528140349
HOMAGE_Replication,MCP-1,0.0953101798043249,0.0856550803807536,0.265828408404142
HOMAGE_Replication,MMP-1,0.122217632724249,0.088527609935913,0.167414443837156
HOMAGE_Replication,MMP-10,-0.083381608939051,0.09080940088658,0.358511764777458
HOMAGE_Replication,MMP-12,0.322083499169113,0.0842259100991531,0.000131281021248397
HOMAGE_Replication,MMP-3,0.131028262406404,0.0930229117637282,0.158965600464042
HOMAGE_Replication,MMP-7,0.207014169384326,0.148163833934696,0.16235412536888
HOMAGE_Replication,MPO,0.0953101798043249,0.080198199947689,0.23466289872427
HOMAGE_Replication,NEMO,0.0953101798043249,0.102384889235219,0.351904857892986
HOMAGE_Replication,NT-pro_BNP,0.698134722070984,0.100695439158699,4.11625210476993e-12
HOMAGE_Replication,OPG,0.182321556793955,0.0879461190615893,0.0381624901325502
HOMAGE_Replication,PAPPA,0.104360015324243,0.101364461981227,0.303220215101084
HOMAGE_Replication,PAR-1,0.336472236621213,0.104820280288477,0.00132738774682117
HOMAGE_Replication,PDGF,0.122217632724249,0.10489949983012,0.243981505273775
HOMAGE_Replication,PECAM-1,0.0295588022415444,0.0803036050626026,0.712807536063543
HOMAGE_Replication,PlGF,0.343589704390077,0.0908563970139954,0.000155774317114784
HOMAGE_Replication,PSGL-1,0.19062035960865,0.123427601682676,0.122493869670893
HOMAGE_Replication,PTX3,0.231111720963387,0.133457007634494,0.0833213567656186
HOMAGE_Replication,RAGE,0.113328685307003,0.0839923493457385,0.1772490036666
HOMAGE_Replication,REN,0.412109650826833,0.0883142505279009,3.06522173914368e-06
HOMAGE_Replication,RETN,0.198850858745165,0.0863750853785962,0.0213251116767174
HOMAGE_Replication,SCF,0.131028262406404,0.0823930802631605,0.11177117224544
HOMAGE_Replication,SELE,0.157003748809665,0.0852332420293778,0.0654680847650719
HOMAGE_Replication,SIRT2,0.0861776962410524,0.0977253732260938,0.377865810496221
HOMAGE_Replication,SPON1,0.29266961396282,0.11005741663019,0.00783160337240035
HOMAGE_Replication,SRC,0.0769610411361284,0.0930229117637283,0.408047634894514
HOMAGE_Replication,ST2,0.231111720963387,0.0881867290433768,0.00877472241449479
HOMAGE_Replication,TF,0.231111720963387,0.107812743159561,0.0320617340636071
HOMAGE_Replication,TIE2,0.182321556793955,0.124592575393342,0.143373802364025
HOMAGE_Replication,TM,0.207014169384326,0.100544622291824,0.0395011065032596
HOMAGE_Replication,TNF-R1,0.285178942233662,0.0831450530697663,0.000603811100987078
HOMAGE_Replication,TNF-R2,0.285178942233662,0.0876803136599408,0.00114400462819442
HOMAGE_Replication,TNFSF14,0.113328685307003,0.0839923493457385,0.1772490036666
HOMAGE_Replication,t-PA,-0.0100503358535015,0.0777915282356851,0.897202748666935
HOMAGE_Replication,TRAIL,-0.371063681390832,0.0974789528122601,0.000140888589614255
HOMAGE_Replication,TRAIL-R2,0.647103242058538,0.106557218793178,1.25680131193035e-09
HOMAGE_Replication,TRANCE,-0.139262067333508,0.0965538148309077,0.149210458535826
HOMAGE_Replication,U-PAR,0.285178942233662,0.0876803136599408,0.00114400462819442
HOMAGE_Replication,VEGF-A,0.215111379616945,0.084859322293386,0.0112473816879998
HOMAGE_Replication,VEGF-D,0.364643113587909,0.105940398097147,0.000577505544748869
HOMAGE_Replication,CA-125,,,
HOMAGE_Replication,ECP,,,
HOMAGE_Replication,EGF,,,
HOMAGE_Replication,ESM-1,,,
HOMAGE_Replication,GAL,,,
HOMAGE_Replication,hK11,,,
HOMAGE_Replication,IL-4,,,
HOMAGE_Replication,mAmP,,,
HOMAGE_Replication,PRL,,,
PIVUS,GDF-15,0.542324290825362,0.109058602312574,6.6e-07
PIVUS,ADM,0.418710334858185,0.131890417182414,0.0015
PIVUS,FGF-23,0.262364264467491,0.0934667289814221,0.005
PIVUS,KIM-1,0.482426149244293,0.111816346229393,1.6e-05
PIVUS,TRAIL-R2,0.371563556432483,0.0730134064508669,3.6e-07
PIVUS,SPON1,0.431782416425538,0.119431973998979,3e-04
PIVUS,MMP-12,0.444685821261446,0.104533958372762,2.1e-05
PIVUS,AGRP,0.27002713721306,0.121294452277504,0.026
PIVUS,MB,0.148420005118273,0.118398290638396,0.21
PIVUS,VEGF-D,-0.0100503358535015,0.0889107006883912,0.91
PIVUS,FS,0.300104592450338,0.11261175835882,0.0077
PIVUS,PlGF,0.470003629245736,0.111269698498438,2.4e-05
PIVUS,U-PAR,0.593326845277734,0.11486690972674,2.4e-07
PIVUS,CCL20,0.198850858745165,0.101456384052807,0.05
PIVUS,FAS,0.139761942375159,0.104241221448549,0.18
PIVUS,IL-27,0.246860077931526,0.118354746858962,0.037
PIVUS,CSF-1,0.431782416425538,0.119713534505716,0.00031
PIVUS,FABP4,0.542324290825362,0.134742366602144,5.7e-05
PIVUS,TNF-R1,0.494696241836107,0.109459350052928,6.2e-06
PIVUS,OPG,0.405465108108164,0.11131497382876,0.00027
PIVUS,ST2,0.29266961396282,0.117832849757072,0.013
PIVUS,GAL,-0.0408219945202552,0.113881972736679,0.72
PIVUS,IL-18,0.231111720963387,0.115822639970638,0.046
PIVUS,PAR-1,0.364643113587909,0.11742098218371,0.0019
PIVUS,PRL,0.0676586484738149,0.107735669592924,0.53
PIVUS,CHI3L1,0.285178942233662,0.104193523772288,0.0062
PIVUS,CXCL1,-0.150822889734584,0.104772207332334,0.15
PIVUS,LEP,0.300104592450338,0.149703900684259,0.045
PIVUS,TNF-R2,0.385262400790645,0.110337383478541,0.00048
PIVUS,t-PA,0.314810739840034,0.125315546698457,0.012
PIVUS,ESM-1,0.104360015324243,0.118875106219867,0.38
PIVUS,CD40,0.385262400790645,0.104589718466488,0.00023
PIVUS,CTSD,0.157003748809665,0.111740749186516,0.16
PIVUS,GH,0.0487901641694321,0.126622301234902,0.7
PIVUS,MMP-3,0.198850858745165,0.127896987340286,0.12
PIVUS,CTSL1,0.300104592450338,0.113692516800767,0.0083
PIVUS,KLK6,0.0769610411361284,0.122548254900159,0.53
PIVUS,RAGE,0.173953307123438,0.117871232309944,0.14
PIVUS,REN,0.131028262406404,0.116325722946892,0.26
PIVUS,Gal-3,0.19062035960865,0.125896652773067,0.13
PIVUS,IL-6,0.425267735404344,0.0866849616785856,9.3e-07
PIVUS,hK11,0.246860077931526,0.0862322111465497,0.0042
PIVUS,PSGL-1,0.0582689081239758,0.10813847784801,0.59
PIVUS,HGF,0.357674444271816,0.101035586884136,4e-04
PIVUS,MMP-10,0.350656871613169,0.106565574519488,0.001
PIVUS,CX3CL1,0.27763173659828,0.111778391557027,0.013
PIVUS,CXCL16,0.2390169004705,0.11579227713443,0.039
PIVUS,CCL3,0.254642218373581,0.0960164086234987,0.008
PIVUS,CA-125,0.0861776962410524,0.119280546627715,0.47
PIVUS,EN-RAGE,0.165514438477573,0.103563476993504,0.11
PIVUS,TM,0.0861776962410524,0.116638104819812,0.46
PIVUS,RETN,0.122217632724249,0.115504333983524,0.29
PIVUS,IL16,0.246860077931526,0.11708639196676,0.035
PIVUS,IL-6RA,0.0487901641694321,0.114491123439921,0.67
PIVUS,IL-8,0.22314355131421,0.0974269476409024,0.022
PIVUS,VEGF-A,0.231111720963387,0.111386940556571,0.038
PIVUS,TRAIL,0.148420005118273,0.113247650401461,0.19
PIVUS,MMP-1,0.122217632724249,0.113131023491676,0.28
PIVUS,TF,0.148420005118273,0.110698823714106,0.18
PIVUS,LOX-1,0.231111720963387,0.0993452972112671,0.02
PIVUS,TIE2,-0.083381608939051,0.118053668959898,0.48
PIVUS,HB-EGF,0.139761942375159,0.116433466075664,0.23
PIVUS,Dkk-1,-0.198450938723838,0.118140983419889,0.093
PIVUS,MCP-1,0.246860077931526,0.100461382738009,0.014
PIVUS,PECAM-1,0.19062035960865,0.122603291097233,0.12
PIVUS,TRANCE,0.0392207131532813,0.118186884581406,0.74
PIVUS,CXCL6,-0.0512932943875506,0.12036497518171,0.67
PIVUS,PAPPA,-0.139262067333508,0.118522240653131,0.24
PIVUS,CCL4,0.157003748809665,0.103694308879392,0.13
PIVUS,IL-1ra,0.19062035960865,0.106693682746518,0.074
PIVUS,MPO,0.0392207131532813,0.118186884581406,0.74
PIVUS,PDGF,-0.150822889734584,0.112491011366534,0.18
PIVUS,ECP,0.300104592450338,0.112795546999126,0.0078
PIVUS,SELE,0.182321556793955,0.120415645925011,0.13
PIVUS,SCF,-0.3147107448397,0.108734514090842,0.0038
PIVUS,TNFSF14,0.165514438477573,0.11779787105014,0.16
PIVUS,CD40-L,0.0676586484738149,0.116084128583401,0.56
PIVUS,SRC,-0.0618754037180875,0.111812635100891,0.58
PIVUS,EGF,-0.210721031315653,0.115463147246368,0.068
PIVUS,CASP-8,0.215111379616945,0.127667027659751,0.092
PIVUS,Beta-NGF,,,
PIVUS,BNP,,,
PIVUS,CSTB,,,
PIVUS,HSP,,,
PIVUS,IL-4,,,
PIVUS,ITGB1BP2,,,
PIVUS,mAmP,,,
PIVUS,MMP-7,,,
PIVUS,NEMO,,,
PIVUS,NT-pro_BNP,,,
PIVUS,PTX3,,,
PIVUS,SIRT2,,,
ULSAM,GDF-15,0.476234178996372,0.0971972857803393,9.6e-07
ULSAM,ADM,0.46373401623214,0.113797732028506,4.6e-05
ULSAM,FGF-23,0.444685821261446,0.089262324395214,6.3e-07
ULSAM,KIM-1,0.444685821261446,0.0933472695390162,1.9e-06
ULSAM,TRAIL-R2,0.412109650826833,0.105791452345105,9.8e-05
ULSAM,SPON1,0.392042087776024,0.107629864735287,0.00027
ULSAM,MMP-12,0.385262400790645,0.103233419547713,0.00019
ULSAM,AGRP,0.357674444271816,0.104764807460973,0.00064
ULSAM,MB,0.336472236621213,0.106616659626149,0.0016
ULSAM,VEGF-D,0.336472236621213,0.114511912686351,0.0033
ULSAM,FS,0.3293037471426,0.107065830323921,0.0021
ULSAM,PlGF,0.314810739840034,0.103268002431395,0.0023
ULSAM,U-PAR,0.314810739840034,0.117541867711159,0.0074
ULSAM,CCL20,0.307484699747961,0.089364340202787,0.00058
ULSAM,FAS,0.29266961396282,0.091612388657615,0.0014
ULSAM,IL-27,0.29266961396282,0.109458823545603,0.0075
ULSAM,CSF-1,0.285178942233662,0.113520126635637,0.012
ULSAM,FABP4,0.285178942233662,0.102723123339237,0.0055
ULSAM,TNF-R1,0.27763173659828,0.112984117903237,0.014
ULSAM,OPG,0.27002713721306,0.107488703658803,0.012
ULSAM,ST2,0.27002713721306,0.104547916261858,0.0098
ULSAM,GAL,0.262364264467491,0.11277946320718,0.02
ULSAM,IL-18,0.262364264467491,0.106770916586828,0.014
ULSAM,PAR-1,0.254642218373581,0.112816853087003,0.024
ULSAM,PRL,0.2390169004705,0.112104860772155,0.033
ULSAM,CHI3L1,0.22314355131421,0.105252832908376,0.034
ULSAM,CXCL1,0.22314355131421,0.108102397293554,0.039
ULSAM,LEP,0.22314355131421,0.112341302110479,0.047
ULSAM,TNF-R2,0.22314355131421,0.106984080821399,0.037
ULSAM,t-PA,0.215111379616945,0.111639659845445,0.054
ULSAM,ESM-1,0.207014169384326,0.112187106781742,0.065
ULSAM,CD40,0.198850858745165,0.107763167081905,0.065
ULSAM,CTSD,0.198850858745165,0.112449026917633,0.077
ULSAM,GH,0.198850858745165,0.108163782957891,0.066
ULSAM,MMP-3,0.19062035960865,0.102138345584738,0.062
ULSAM,CTSL1,0.182321556793955,0.110516596294698,0.099
ULSAM,KLK6,0.182321556793955,0.109201226259695,0.095
ULSAM,RAGE,0.182321556793955,0.114079801896008,0.11
ULSAM,REN,0.182321556793955,0.117265663262843,0.12
ULSAM,Gal-3,0.173953307123438,0.114888772377766,0.13
ULSAM,IL-6,0.165514438477573,0.0976257296295427,0.09
ULSAM,hK11,0.157003748809665,0.103694308879392,0.13
ULSAM,PSGL-1,0.157003748809665,0.117100995233661,0.18
ULSAM,HGF,0.131028262406404,0.109157575278239,0.23
ULSAM,MMP-10,0.122217632724249,0.101817578890318,0.23
ULSAM,CX3CL1,0.0953101798043249,0.110875121616905,0.39
ULSAM,CXCL16,0.0953101798043249,0.104122585698496,0.36
ULSAM,CCL3,0.0861776962410524,0.102394869334753,0.4
ULSAM,CA-125,0.0769610411361284,0.106523560691129,0.47
ULSAM,EN-RAGE,0.0769610411361284,0.106523560691129,0.47
ULSAM,TM,0.0769610411361284,0.106523560691129,0.47
ULSAM,RETN,0.0676586484738149,0.116084128583401,0.56
ULSAM,IL16,0.0392207131532813,0.123088097670401,0.75
ULSAM,IL-6RA,0.0392207131532813,0.123088097670401,0.75
ULSAM,IL-8,0.0392207131532813,0.105472827453597,0.71
ULSAM,VEGF-A,0.0392207131532813,0.101787256511301,0.7
ULSAM,TRAIL,0.0295588022415444,0.105824518189451,0.78
ULSAM,MMP-1,0.0198026272961797,0.131169968864298,0.88
ULSAM,TF,0.0198026272961797,0.143181668787011,0.89
ULSAM,LOX-1,-0.0100503358535015,0.100069337293481,0.92
ULSAM,TIE2,-0.0100503358535015,0.200391181630491,0.96
ULSAM,HB-EGF,-0.0202027073175195,0.133820045702965,0.88
ULSAM,Dkk-1,-0.0304592074847086,0.0955914771663742,0.75
ULSAM,MCP-1,-0.0304592074847086,0.120227178869228,0.8
ULSAM,PECAM-1,-0.0304592074847086,0.104178600412672,0.77
ULSAM,TRANCE,-0.0304592074847086,0.120227178869228,0.8
ULSAM,CXCL6,-0.0408219945202552,0.118281583939401,0.73
ULSAM,PAPPA,-0.0408219945202552,0.118281583939401,0.73
ULSAM,CCL4,-0.0618754037180875,0.108925694059456,0.57
ULSAM,IL-1ra,-0.0618754037180875,0.117992645351467,0.6
ULSAM,MPO,-0.0725706928348354,0.115557321373472,0.53
ULSAM,PDGF,-0.083381608939051,0.115410417390695,0.47
ULSAM,ECP,-0.105360515657826,0.0995731623821847,0.29
ULSAM,SELE,-0.105360515657826,0.112734563368266,0.35
ULSAM,SCF,-0.116533816255952,0.103457682905755,0.26
ULSAM,TNFSF14,-0.116533816255952,0.10564570032859,0.27
ULSAM,CD40-L,-0.127833371509885,0.0888020679579503,0.15
ULSAM,SRC,-0.139262067333508,0.11109277829439,0.21
ULSAM,EGF,-0.174353387144778,0.105999332881625,0.1
ULSAM,CASP-8,-0.210721031315653,0.114620495177737,0.066
ULSAM,Beta-NGF,,,
ULSAM,BNP,,,
ULSAM,CSTB,,,
ULSAM,HSP,,,
ULSAM,IL-4,,,
ULSAM,ITGB1BP2,,,
ULSAM,mAmP,,,
ULSAM,MMP-7,,,
ULSAM,NEMO,,,
ULSAM,NT-pro_BNP,,,
ULSAM,PTX3,,,
ULSAM,SIRT2,,,
